measurement_id,user_name,time_stamp,activity,accelerometer_x,accelerometer_y,accelerometer_z,gyroscope_x,gyroscope_y,gyroscope_z,rotation_pitch,rotation_roll,rotation_yaw
0,stefan,1683903918524,WAVING,0.058217414,-0.9781639,0.09486895,-0.0845612,0.48061132,-0.090425506
1,stefan,1683903918545,WAVING,0.07280032,-0.99427176,0.08066482,-0.12411036,0.5418026,-0.089867
2,stefan,1683903918566,WAVING,0.08330651,-1.0512239,0.08893251,-0.11838568,0.52352893,-0.04098033
3,stefan,1683903918587,WAVING,0.09535121,-1.0471735,0.08582322,-0.14571753,0.5153783,0.036878806
4,stefan,1683903918608,WAVING,0.09271637,-1.0145978,0.07950995,-0.19615756,0.5493424,0.055309486
5,stefan,1683903918629,WAVING,0.042998984,-1.0106616,0.082068644,-0.32522464,0.8014028,0.061645027
6,stefan,1683903918650,WAVING,0.0021730857,-1.0089873,0.09084201,-0.32522464,0.8014028,0.061645027
7,stefan,1683903918671,WAVING,-0.00851955,-0.9790561,0.14985505,-0.5170363,0.92985904,0.035290558
8,stefan,1683903918692,WAVING,0.042203356,-0.9740334,0.17490314,-0.5045921,0.8390845,0.038711403
9,stefan,1683903918713,WAVING,0.14570315,-0.97634023,0.18003517,-0.3214722,0.63029075,0.051242866
10,stefan,1683903918734,WAVING,0.16707183,-0.9748418,0.17048277,-0.26960102,0.59437186,0.04808382
11,stefan,1683903918755,WAVING,0.20726417,-0.96743315,0.13893007,-0.12102113,0.5293758,0.04923574
12,stefan,1683903918776,WAVING,0.21395326,-0.92941195,0.035591356,-0.003944444,0.49801224,0.023143066
13,stefan,1683903918797,WAVING,0.23176457,-0.93426675,0.024702499,-0.079237945,0.40758675,0.0023038345
14,stefan,1683903918818,WAVING,0.21919855,-1.0084037,0.07508665,-0.14901622,0.32005847,-0.057910025
15,stefan,1683903918839,WAVING,0.1594875,-1.0293076,0.09967298,-0.21753784,0.38741073,0.0043807765
16,stefan,1683903918860,WAVING,0.15977061,-0.99610794,0.10023334,-0.28228956,0.39344957,0.11198033
17,stefan,1683903918881,WAVING,0.2254269,-0.95156354,0.10164984,-0.29937634,0.22432716,0.18490018
18,stefan,1683903918902,WAVING,0.39288923,-0.88251007,0.13292627,-0.09354965,-0.33485886,0.089936815
19,stefan,1683903918923,WAVING,0.4164632,-0.8999415,0.13232784,0.01870993,-0.43902013,0.0024783674
20,stefan,1683903918944,WAVING,0.33950412,-0.91394067,0.13149121,0.12524483,-0.09985029,-0.15362388
21,stefan,1683903918965,WAVING,0.28446433,-0.92279893,0.11393666,0.10744247,-0.0113795465,-0.20254546
22,stefan,1683903918986,WAVING,0.18676041,-0.92416763,0.10411482,0.047368236,-0.022392575,-0.21327923
23,stefan,1683903919007,WAVING,0.18497685,-0.9232862,0.10061504,0.041905355,-0.037524577,-0.20905554
24,stefan,1683903919028,WAVING,0.2390658,-0.9379081,0.12121933,-0.0033510323,-0.32836625,-0.19116591
25,stefan,1683903919049,WAVING,0.17230637,-0.9991938,0.15529948,0.06297148,-0.37304667,-0.25455627
26,stefan,1683903919069,WAVING,0.059968766,-1.0299606,0.17510717,0.14056882,-0.1980076,-0.17795376
27,stefan,1683903919090,WAVING,-0.009727146,-1.0351337,0.16757068,0.20991075,-0.12847368,-0.073391095
28,stefan,1683903919111,WAVING,-0.014212917,-0.99482316,0.14393422,0.2749068,-0.6287898,0.048066366
29,stefan,1683903919132,WAVING,0.0011490216,-0.98210686,0.13847125,0.28326693,-0.7762701,0.079395026
30,stefan,1683903919153,WAVING,0.10095575,-0.9441746,0.13225462,0.3090978,-0.9448689,0.12515756
31,stefan,1683903919174,WAVING,0.093848795,-0.9564789,0.12360718,0.38992402,-0.79504985,0.030176742
32,stefan,1683903919195,WAVING,-0.030474938,-1.0082815,0.09888419,0.388807,-0.4000818,-0.05206317
33,stefan,1683903919216,WAVING,-0.108236454,-1.0172617,0.07227121,0.31712633,-0.04441863,-0.07464773
34,stefan,1683903919237,WAVING,-0.11108412,-1.0146085,0.070716076,0.2968805,0.0127409035,-0.073984504
35,stefan,1683903919258,WAVING,-0.03692586,-0.9678773,0.049685176,0.09320058,0.19680333,-0.12233013
36,stefan,1683903919279,WAVING,0.0699224,-1.0004736,0.059362534,0.076358154,0.17332865,-0.103358395
37,stefan,1683903919299,WAVING,0.16401426,-1.1281409,0.057140637,0.12362167,0.039235003,-0.07195993
38,stefan,1683903919320,WAVING,0.19010986,-1.1820542,0.018923223,0.13746212,-0.014067354,0.028379053
39,stefan,1683903919341,WAVING,0.21887247,-1.1392739,-0.052522093,0.012583824,-0.08065166,0.21961477
40,stefan,1683903919362,WAVING,0.23907165,-1.0865058,-0.076592,0.0032114058,-0.105260804,0.22961551
41,stefan,1683903919383,WAVING,0.27296144,-0.9732759,-0.066735014,-0.10266027,-0.62980205,0.31918582
42,stefan,1683903919404,WAVING,0.29099923,-0.919268,0.0081339395,-0.25939083,-0.88535315,0.3308446
43,stefan,1683903919425,WAVING,0.2542559,-0.93024176,0.12694687,-0.33498105,-0.83641416,0.26450464
44,stefan,1683903919446,WAVING,0.16248843,-0.95320463,0.2020423,-0.2576106,-0.57375956,0.19734438
45,stefan,1683903919466,WAVING,0.10331334,-0.959802,0.21959685,-0.20697859,-0.46362928,0.17177531
46,stefan,1683903919487,WAVING,0.007893788,-0.97455275,0.24452096,-0.019163715,-0.19977039,0.13531537
47,stefan,1683903919508,WAVING,-0.032349303,-0.9620834,0.20608291,0.17039649,-0.104248516,0.09819222
48,stefan,1683903919529,WAVING,-0.00588178,-0.9747217,0.13807587,0.20080014,-0.012304571,0.030438542
49,stefan,1683903919549,WAVING,0.03086348,-1.0083146,0.10065897,0.16437511,0.13960889,-0.017784905
50,stefan,1683903919570,WAVING,0.06270905,-1.0279828,0.029681267,0.056845374,0.357042,-0.015481071
51,stefan,1683903919591,WAVING,0.075489834,-1.0190026,0.01764241,0.02628466,0.3758392,-0.01569051
52,stefan,1683903919612,WAVING,0.09281107,-0.9858302,0.0034617083,-0.020577433,0.32433453,-0.026022859
53,stefan,1683903919633,WAVING,0.0768302,-0.99362826,0.048797783,-0.1237962,0.30639255,-0.086149454
54,stefan,1683903919653,WAVING,0.04352029,-1.0126003,0.0964934,-0.16023868,0.41172317,-0.118246056
55,stefan,1683903919674,WAVING,0.0013960075,-1.021732,0.12702301,-0.1626996,0.52928853,-0.12128293
56,stefan,1683903919695,WAVING,-0.008096843,-1.0184343,0.13365357,-0.17229891,0.5899213,-0.11170107
57,stefan,1683903919716,WAVING,0.004306146,-0.96863294,0.12838973,-0.23729496,0.7185346,-0.044715334
58,stefan,1683903919737,WAVING,0.06970275,-0.9261289,0.12974474,-0.3254341,0.6661049,0.024242623
59,stefan,1683903919757,WAVING,0.14369407,-0.9302086,0.14287208,-0.3668333,0.52975976,0.06455973
60,stefan,1683903919778,WAVING,0.2414966,-0.96041316,0.16584276,-0.34660494,0.26401594,0.0728675
61,stefan,1683903919799,WAVING,0.3232226,-0.9579696,0.17533073,-0.2525666,0.074787356,0.051242866
62,stefan,1683903919820,WAVING,0.4106517,-0.9512073,0.16167621,-0.10910053,-0.048624873,-0.0172264
63,stefan,1683903919840,WAVING,0.47099534,-0.9513557,0.13096794,0.027000243,-0.12915437,-0.079796456
64,stefan,1683903919861,WAVING,0.47942507,-0.95015395,0.096256174,0.22155209,-0.121457465,-0.042062435
65,stefan,1683903919881,WAVING,0.42083478,-0.94665605,0.04428565,0.3815988,0.033684853,-0.12873548
66,stefan,1683903919902,WAVING,0.28715777,-0.9649321,-0.0058593266,0.35260886,0.029653143,-0.20095721
67,stefan,1683903919923,WAVING,0.15622789,-1.0035077,-0.023105387,0.22670081,0.012112585,-0.21291271
68,stefan,1683903919943,WAVING,0.08577636,-1.0301422,-0.015967201,0.07494444,-0.15694001,-0.15018559
69,stefan,1683903919964,WAVING,0.017401282,-1.0026438,0.035521068,-0.038868483,-0.33649948,-0.090425506
70,stefan,1683903919984,WAVING,0.0034255874,-0.9873257,0.09738763,-0.10716321,-0.3461686,-0.08126253
71,stefan,1683903920005,WAVING,0.009483088,-0.96852165,0.160083,-0.1195376,-0.29338986,-0.10958923
72,stefan,1683903920026,WAVING,0.044025976,-0.96086895,0.19330505,-0.1030966,-0.26549947,-0.11869984
73,stefan,1683903920046,WAVING,0.06792211,-0.9506841,0.20064825,-0.04431391,-0.05677556,-0.16393878
74,stefan,1683903920067,WAVING,0.07872408,-0.9587711,0.19424322,0.02734931,0.12487831,-0.19448204
75,stefan,1683903920088,WAVING,0.062867194,-0.9458994,0.1618949,0.12857841,0.22006856,-0.20509364
76,stefan,1683903920109,WAVING,0.06926442,-0.93269694,0.12484797,0.21704915,0.29274407,-0.20842722
77,stefan,1683903920130,WAVING,0.08107191,-0.9356959,0.079946324,0.32836625,0.32791245,-0.19634955
78,stefan,1683903920151,WAVING,0.08566019,-0.9419185,0.06327916,0.35313246,0.3289073,-0.19230038
79,stefan,1683903920171,WAVING,0.12440671,-0.9977372,-0.018037781,0.38290778,0.31731832,-0.1600467
80,stefan,1683903920192,WAVING,0.118450746,-1.0636054,-0.12262314,0.18804178,0.5041558,-0.12896238
81,stefan,1683903920213,WAVING,0.08312102,-1.089206,-0.12823938,-0.047420595,0.40788344,-0.101368725
82,stefan,1683903920234,WAVING,0.10090303,-1.0959733,-0.01259433,-0.151896,0.16713274,-0.043772858
83,stefan,1683903920255,WAVING,0.13835117,-1.0466238,0.012520136,-0.18484782,0.17352064,0.016022123
84,stefan,1683903920276,WAVING,0.14592963,-1.0403857,0.010602823,-0.19090411,0.15221016,0.026267204
85,stefan,1683903920297,WAVING,0.19455951,-1.0458184,0.027352959,-0.24652776,-0.013596115,0.05359906
86,stefan,1683903920318,WAVING,0.17883636,-1.0895888,0.07068874,-0.22148228,-0.1410575,0.08897688
87,stefan,1683903920339,WAVING,0.15620737,-1.078899,0.093708225,-0.17044885,-0.21982422,0.16214108
88,stefan,1683903920360,WAVING,0.116316706,-0.9968206,0.09311272,-0.14091788,-0.19570377,0.21961477
89,stefan,1683903920381,WAVING,0.096056044,-0.97076315,0.105716825,-0.20001473,-0.20408134,0.2648886
90,stefan,1683903920402,WAVING,0.08145167,-0.9361177,0.13927175,-0.2433338,-0.18163641,0.28209758
91,stefan,1683903920422,WAVING,0.08595892,-0.92781776,0.15675698,-0.22884756,-0.16160004,0.28935814
92,stefan,1683903920444,WAVING,0.12934937,-0.9415241,0.19775862,-0.063425265,-0.08196066,0.28054422
93,stefan,1683903920464,WAVING,0.15455852,-0.9598323,0.18690392,0.09025098,-0.071314156,0.2348166
94,stefan,1683903920485,WAVING,0.15579346,-0.9579716,0.13934693,0.2060012,-0.060999256,0.17680185
95,stefan,1683903920506,WAVING,0.16257045,-0.959142,0.11601408,0.21544345,-0.04881686,0.15248941
96,stefan,1683903920526,WAVING,0.17048766,-0.96907616,0.07472057,0.1794024,0.015219271,0.046862092
97,stefan,1683903920547,WAVING,0.1596066,-0.95440346,0.053216197,0.099152155,0.12037536,-0.027331855
98,stefan,1683903920567,WAVING,0.13370627,-0.93918604,0.054415002,-0.011414453,0.23303635,-0.07063347
99,stefan,1683903920588,WAVING,0.10900866,-0.9719121,0.09548398,-0.24982643,0.40919244,-0.06825983
100,stefan,1683903920608,WAVING,0.10900866,-0.9719121,0.09548398,-0.24982643,0.40919244,-0.06825983
101,stefan,1683903920629,WAVING,0.12741838,-1.025715,0.15726756,-0.4139921,0.37117916,0.1184555
102,stefan,1683903920650,WAVING,0.26574123,-1.0009345,0.17325526,-0.44950956,-0.01144936,0.2459867
103,stefan,1683903920671,WAVING,0.40164402,-0.9472438,0.18610145,-0.3516315,-0.41620865,0.23650956
104,stefan,1683903920692,WAVING,0.47637337,-0.8815327,0.18165375,-0.03227114,-0.5271767,0.10407399
105,stefan,1683903920713,WAVING,0.4705609,-0.87962824,0.14783816,0.11641346,-0.34271285,0.03827507
106,stefan,1683903920734,WAVING,0.42971843,-0.87625146,0.1311056,0.15138985,-0.32590532,-0.01616175
107,stefan,1683903920755,WAVING,0.31124717,-0.8600724,0.10600871,0.17133898,-0.28167868,-0.12206833
108,stefan,1683903920775,WAVING,0.19151661,-0.88302743,0.093708225,0.19500564,-0.20982349,-0.25703463
109,stefan,1683903920796,WAVING,0.1733031,-0.90171635,0.09562944,0.21954496,-0.22029546,-0.28921852
110,stefan,1683903920817,WAVING,0.14542882,-0.95037454,0.09313127,0.27977628,-0.28876472,-0.35705945
111,stefan,1683903920838,WAVING,0.06262216,-1.0320917,0.09526726,0.3123092,-0.3017325,-0.41715115
112,stefan,1683903920859,WAVING,-0.05571339,-1.093356,0.089203894,0.2319368,-0.085748024,-0.3378434
113,stefan,1683903920880,WAVING,-0.10215553,-1.0347334,0.11121592,0.16126843,0.13336061,-0.14194763
114,stefan,1683903920900,WAVING,-0.081354044,-0.98587024,0.10597552,0.19240509,0.19970058,-0.14470525
115,stefan,1683903920921,WAVING,-0.0643042,-0.96341884,0.09623275,0.21135937,0.22507766,-0.1638166
116,stefan,1683903920942,WAVING,0.051139757,-0.9587076,-0.07734077,0.058224183,0.6291388,-0.17390461
117,stefan,1683903920963,WAVING,0.07964857,-0.9748184,-0.081085585,0.01155408,0.631303,-0.1627345
118,stefan,1683903920984,WAVING,0.12731296,-1.048385,-0.076643735,0.088715084,0.29110345,-0.12011356
119,stefan,1683903921005,WAVING,0.12219165,-1.1337317,-0.08760386,0.063250735,-0.0012391837,-0.069935344
120,stefan,1683903921026,WAVING,0.11602872,-1.1290098,-0.038159814,-0.030735249,-0.17219418,-0.030822514
121,stefan,1683903921046,WAVING,0.17108804,-1.0883538,0.040233325,-0.07937758,-0.30368727,-0.023876105
122,stefan,1683903921067,WAVING,0.2141202,-1.0673405,0.06744961,-0.09951867,-0.34681436,-0.040369466
123,stefan,1683903921088,WAVING,0.23089181,-1.0008768,0.13169426,-0.14398967,-0.19298105,-0.033108898
124,stefan,1683903921109,WAVING,0.22673504,-0.9058673,0.15007764,-0.017453292,0.010035643,0.006928957
125,stefan,1683903921129,WAVING,0.21590865,-0.8658633,0.114764504,0.17086773,-0.11683234,0.0013439035
126,stefan,1683903921150,WAVING,0.12910531,-0.95650524,0.10842975,0.2579422,-0.31662017,-0.019268434
127,stefan,1683903921170,WAVING,0.08440768,-1.0388043,0.11715724,0.27769932,-0.34288737,0.004049164
128,stefan,1683903921191,WAVING,0.056795053,-1.1151835,0.09629523,0.22464132,-0.17359045,0.08676032
129,stefan,1683903921211,WAVING,0.05729586,-1.1019936,0.052126728,0.07276278,0.0259705,0.177116
130,stefan,1683903921232,WAVING,0.09148633,-1.0554988,0.05025529,-0.031590458,0.06148795,0.20809561
131,stefan,1683903921253,WAVING,0.12687072,-1.0233086,0.0658691,-0.073809974,0.02284636,0.24644049
132,stefan,1683903921274,WAVING,0.16841123,-1.0082669,0.08562895,-0.073722705,-0.044453535,0.31450832
133,stefan,1683903921295,WAVING,0.17009814,-0.99910593,0.08638357,-0.039461896,-0.06070255,0.32002357
134,stefan,1683903921316,WAVING,0.13682923,-0.96339834,0.06619711,0.00012217305,-0.081855945,0.28904396
135,stefan,1683903921337,WAVING,0.09572023,-0.9593149,0.07751356,-0.0670381,-0.10478957,0.23797564
136,stefan,1683903921358,WAVING,0.093884915,-0.9595335,0.10073512,-0.09683087,-0.108856186,0.21586232
137,stefan,1683903921379,WAVING,0.097585805,-0.95322406,0.10800705,-0.103777274,-0.086795226,0.19244
138,stefan,1683903921400,WAVING,0.15552793,-0.8908138,0.123171784,-0.08953539,0.05602507,0.0633729
139,stefan,1683903921421,WAVING,0.16474353,-0.8799327,0.12757458,-0.081454515,0.121946156,0.0172264
140,stefan,1683903921442,WAVING,0.15358035,-0.8882229,0.13432716,-0.10428342,0.18814649,-0.06815511
141,stefan,1683903921463,WAVING,0.1785396,-0.99549586,0.18123789,-0.2842094,0.2094046,-0.06963864
142,stefan,1683903921484,WAVING,0.20571096,-1.0441276,0.2092459,-0.33676127,0.12054989,0.02104867
143,stefan,1683903921505,WAVING,0.32258704,-1.0115762,0.24609952,-0.33363715,0.047996555,0.0813498
144,stefan,1683903921526,WAVING,0.36317182,-0.9501304,0.23835897,-0.24055873,-0.02745403,0.06848672
145,stefan,1683903921547,WAVING,0.44213706,-0.84643054,0.19588621,-0.073146746,-0.30435053,-0.011100294
146,stefan,1683903921568,WAVING,0.44191933,-0.84602445,0.18927127,0.18469074,-0.49961796,0.004956735
147,stefan,1683903921589,WAVING,0.37972084,-0.8920224,0.14602433,0.32398546,-0.38564795,-0.08328711
148,stefan,1683903921610,WAVING,0.3506478,-0.91418576,0.11671892,0.31869712,-0.36363935,-0.11311479
149,stefan,1683903921631,WAVING,0.29582667,-0.93766403,0.096969806,0.28164378,-0.39959314,-0.16502088
150,stefan,1683903921652,WAVING,0.28190857,-0.9435634,0.085752934,0.33718017,-0.45059165,-0.19266689
151,stefan,1683903921673,WAVING,0.17802414,-0.9655081,0.030922055,0.3690324,-0.4830548,-0.26089182
152,stefan,1683903921694,WAVING,0.043714557,-0.9995911,0.058412664,0.19233528,-0.41119957,-0.2546261
153,stefan,1683903921715,WAVING,-0.07161323,-1.023085,0.13016647,0.06743952,-0.3335848,-0.10135127
154,stefan,1683903921736,WAVING,-0.08585543,-1.027728,0.15810712,0.07087782,-0.23315853,0.043825217
155,stefan,1683903921757,WAVING,-0.064799145,-1.0360328,0.2344375,0.1397136,-0.17421876,0.040701076
156,stefan,1683903921778,WAVING,-0.049762297,-1.0029572,0.15654027,0.33864623,-0.17132153,-0.03080506
157,stefan,1683903921799,WAVING,0.070247486,-1.0111438,0.08229415,0.34955454,-0.32702234,0.016510814
158,stefan,1683903921820,WAVING,0.18725342,-1.0166264,-0.01774882,0.27916542,-0.20333086,0.025673794
159,stefan,1683903921841,WAVING,0.13396303,-0.9866932,-0.072903804,0.06394886,0.0559378,-0.015917404
160,stefan,1683903921862,WAVING,0.086398214,-0.9725262,0.00083369954,0.046373397,-0.20755455,-0.07080801
161,stefan,1683903921883,WAVING,0.07248695,-0.9803731,0.06243375,0.052499503,-0.26277676,-0.11650073
162,stefan,1683903921904,WAVING,0.06620199,-0.98533726,0.09250648,0.05729916,-0.21652554,-0.14177309
163,stefan,1683903921925,WAVING,0.045944262,-1.0386618,0.14151806,0.022252947,-0.0023561944,-0.17455038
164,stefan,1683903921946,WAVING,0.098873444,-1.082145,0.16046569,0.026581364,0.18132226,-0.09813987
165,stefan,1683903921967,WAVING,0.09888028,-1.0934516,0.16339634,0.053441983,0.14563027,-0.086132
166,stefan,1683903921988,WAVING,0.04864256,-1.1540501,0.109728135,0.18599974,-0.05529203,0.1293638
167,stefan,1683903922009,WAVING,0.086064346,-1.1197298,0.044531662,0.07808603,-0.015603243,0.26984537
168,stefan,1683903922030,WAVING,0.16211064,-1.02625,0.029735936,-0.091996305,-0.048310712,0.3209486
169,stefan,1683903922051,WAVING,0.19124813,-0.9252503,0.06070875,-0.14522885,-0.23830725,0.2902657
170,stefan,1683903922072,WAVING,0.19708014,-0.8861191,0.080117166,-0.18987437,-0.35822883,0.26176447
171,stefan,1683903922093,WAVING,0.19863917,-0.8608426,0.16829407,-0.32405528,-0.315189,0.19146262
172,stefan,1683903922114,WAVING,0.19677944,-0.8985905,0.25287455,-0.26790804,-0.124441974,0.15329227
173,stefan,1683903922135,WAVING,0.1563011,-0.9556901,0.26541713,-0.080372415,-0.017191494,0.12334242
174,stefan,1683903922156,WAVING,0.09002784,-1.008627,0.2123415,0.09086184,0.049497537,0.15013322
175,stefan,1683903922177,WAVING,0.093041465,-1.0089658,0.15378341,0.12786283,0.06405358,0.18839084
176,stefan,1683903922198,WAVING,0.1061444,-0.9919004,0.110551104,0.10828023,0.05618215,0.18947294
177,stefan,1683903922218,WAVING,0.10904284,-0.9720116,0.09099138,0.080721475,0.06328564,0.18640116
178,stefan,1683903922239,WAVING,0.1408474,-0.9341428,0.061822634,-0.016126841,0.06901032,0.15461873
179,stefan,1683903922260,WAVING,0.1867194,-0.9412663,0.09317227,-0.1651605,0.14411184,0.02815216
180,stefan,1683903922280,WAVING,0.17556599,-0.9631358,0.12209599,-0.18228218,0.15310028,-0.019844394
181,stefan,1683903922301,WAVING,0.1639967,-0.9591665,0.14221118,-0.15783012,0.12533209,-0.033213615
182,stefan,1683903922322,WAVING,0.16836827,-0.93822145,0.15770784,-0.09909979,0.049654618,-0.033737216
183,stefan,1683903922342,WAVING,0.20800902,-0.93001336,0.16091475,-0.030019663,-0.083845615,-0.016475908
184,stefan,1683903922362,WAVING,0.25322795,-0.94917285,0.15907945,-0.005026548,-0.17154841,-0.013648475
185,stefan,1683903922384,WAVING,0.2989965,-0.9524911,0.16419391,0.0049043754,-0.23390903,-0.03869395
186,stefan,1683903922405,WAVING,0.30753848,-0.9450688,0.16823842,0.060562924,-0.19439477,-0.050021138
187,stefan,1683903922425,WAVING,0.2877611,-0.9461103,0.14169377,0.10758209,-0.16339773,-0.043755405
188,stefan,1683903922446,WAVING,0.22190759,-0.97770697,0.11130376,0.13566445,-0.15381587,-0.047088984
189,stefan,1683903922468,WAVING,0.15565288,-0.99570477,0.10346954,0.04330162,-0.1762608,-0.037018433
190,stefan,1683903922489,WAVING,0.13930884,-0.9846255,0.12509105,-0.002024582,-0.16402604,-0.02591814
191,stefan,1683903922509,WAVING,0.14420855,-0.96724874,0.1329702,0.034330625,-0.15964526,-0.02693043
192,stefan,1683903922530,WAVING,0.13864014,-0.9636425,0.11235419,0.07887143,-0.13894565,-0.07894124
193,stefan,1683903922552,WAVING,0.12015523,-0.97211033,0.10618444,0.08035496,-0.037978366,-0.122120686
194,stefan,1683903922572,WAVING,0.063395336,-0.9918585,0.09649633,0.05984734,0.015114551,-0.12932889
195,stefan,1683903922593,WAVING,-3.3191787e-05,-1.0206856,0.10937865,-0.013735741,0.04935791,-0.12765338
196,stefan,1683903922614,WAVING,0.012693906,-1.0209168,0.1327115,-0.05152212,0.10473721,-0.1017527
197,stefan,1683903922634,WAVING,0.03982038,-1.0144591,0.13672867,-0.03139847,0.17978637,-0.09046041
198,stefan,1683903922655,WAVING,0.058434144,-1.0045396,0.12570606,-0.010716322,0.2115339,-0.09258971
199,stefan,1683903922675,WAVING,0.090135224,-0.968424,0.09527214,-0.006387905,0.29208085,-0.12709488
200,stefan,1683903922696,WAVING,0.10950166,-0.96044827,0.08752967,-0.05544911,0.3082077,-0.15296066
201,stefan,1683903922717,WAVING,0.11444137,-0.98442644,0.104029894,-0.08213519,0.29551914,-0.1542871
202,stefan,1683903922738,WAVING,0.109576836,-1.0009383,0.111149535,-0.10159562,0.29939377,-0.1415462
203,stefan,1683903922758,WAVING,0.120323144,-0.99244994,0.10398987,-0.13919,0.33981562,-0.12807226
204,stefan,1683903922779,WAVING,0.14995268,-0.9701343,0.10013668,-0.17172295,0.39786527,-0.12859586
205,stefan,1683903922800,WAVING,0.19431643,-0.96366006,0.09696882,-0.16837192,0.5279272,-0.1614255
206,stefan,1683903922820,WAVING,0.20162643,-0.98530895,0.089814045,-0.09161233,0.60992277,-0.22122048
207,stefan,1683903922841,WAVING,0.14506176,-1.0077027,0.04779129,0.028291788,0.52578044,-0.23874359
208,stefan,1683903922862,WAVING,0.14549325,-1.0115957,0.028875876,0.0073303827,0.40917498,-0.20572196
209,stefan,1683903922883,WAVING,0.14855374,-1.0244353,0.038071956,-0.0104370685,0.3572689,-0.18755308
210,stefan,1683903922904,WAVING,0.12778741,-1.056346,0.06772589,-0.054838244,0.2618692,-0.103271134
211,stefan,1683903922925,WAVING,0.17902087,-1.0509447,0.113171294,-0.113743104,-0.036128316,0.07782423
212,stefan,1683903922946,WAVING,0.20338851,-1.0397395,0.13189343,-0.11510447,-0.08230973,0.1256288
213,stefan,1683903922967,WAVING,0.23300537,-0.99636173,0.14102702,-0.07230899,-0.15571828,0.2449395
214,stefan,1683903922988,WAVING,0.2611608,-0.93106276,0.12153465,-0.026441738,-0.28270844,0.2972645
215,stefan,1683903923009,WAVING,0.28858793,-0.8769973,0.10895692,0.0007330383,-0.3965039,0.29105112
216,stefan,1683903923030,WAVING,0.29373366,-0.8517392,0.11053059,0.02412045,-0.4414636,0.23643975
217,stefan,1683903923050,WAVING,0.170761,-0.92518985,0.13756531,0.04166101,-0.3451214,0.0739496
218,stefan,1683903923072,WAVING,0.041561,-1.0150956,0.15515402,0.08857546,-0.28127727,0.054942966
219,stefan,1683903923093,WAVING,0.01391224,-1.0173204,0.14354275,0.110025555,-0.19097392,0.08489282
220,stefan,1683903923114,WAVING,0.023988875,-1.0099217,0.13674332,0.10505137,-0.15070918,0.085730575
221,stefan,1683903923136,WAVING,0.08816422,-0.99371624,0.11772443,0.09367182,-0.047350783,0.08890707
222,stefan,1683903923157,WAVING,0.11213845,-1.0118711,0.10548544,0.059550636,0.06295402,0.07876671
223,stefan,1683903923177,WAVING,0.12066679,-1.0282142,0.09380292,-0.0050614546,0.18425441,0.08035496
224,stefan,1683903923198,WAVING,0.11379413,-1.009042,0.08046469,-0.040509094,0.20884609,0.06930702
225,stefan,1683903923218,WAVING,0.10242204,-1.0010037,0.07738177,-0.040055305,0.20160298,0.057281706
226,stefan,1683903923239,WAVING,0.085426874,-0.9767454,0.06462929,-0.11433652,0.17167059,0.044436082
227,stefan,1683903923260,WAVING,0.119786225,-0.9691319,0.10698884,-0.23633504,0.06314601,0.08965756
228,stefan,1683903923280,WAVING,0.1925143,-0.9656466,0.14894813,-0.2910162,-0.05503023,0.13430308
229,stefan,1683903923302,WAVING,0.2689755,-0.974173,0.19260314,-0.32201326,-0.123447135,0.18565068
230,stefan,1683903923324,WAVING,0.32407385,-0.9644605,0.21480261,-0.22120303,-0.114301614,0.2213601
231,stefan,1683903923344,WAVING,0.37822625,-0.92754155,0.21463859,-0.18877481,-0.10995574,0.20867157
232,stefan,1683903923365,WAVING,0.37640074,-0.874872,0.13203302,-0.007120943,-0.115279,0.15688765
233,stefan,1683903923386,WAVING,0.301399,-0.89496964,0.08899889,0.046198864,-0.030508354,0.008395034
234,stefan,1683903923407,WAVING,0.27158397,-0.90647155,0.07138187,0.0047298423,-0.028064894,-0.04633849
235,stefan,1683903923427,WAVING,0.19673747,-0.92631733,0.08838094,-0.066881016,-0.071488686,-0.14426892
236,stefan,1683903923448,WAVING,0.18850103,-0.9266093,0.10127399,-0.06436774,-0.068608895,-0.16519542
237,stefan,1683903923469,WAVING,0.16234882,-0.91923577,0.13632257,-0.044977136,-0.04223697,-0.19053759
238,stefan,1683903923489,WAVING,0.17185536,-0.9025804,0.1401777,0.045954518,0.09524262,-0.33468434
239,stefan,1683903923510,WAVING,0.15367113,-0.9054446,0.15249574,0.11025245,0.15997688,-0.43341762
240,stefan,1683903923531,WAVING,0.033734567,-0.99297917,0.16178556,0.22362904,0.2586927,-0.47973865
241,stefan,1683903923552,WAVING,-0.017231418,-1.0349131,0.135032,0.36608282,0.32583553,-0.42118284
242,stefan,1683903923573,WAVING,-0.09867235,-1.112698,0.049933136,0.44207445,0.2993414,-0.28132963
243,stefan,1683903923594,WAVING,-0.084449664,-1.1482562,-0.07997463,0.34932765,0.18814649,-0.13538519
244,stefan,1683903923615,WAVING,0.028062679,-1.1004727,-0.06297165,0.11787954,-0.0450644,-0.0487645
245,stefan,1683903923636,WAVING,0.10522674,-1.0640018,-0.026743796,0.087301366,-0.073967054,0.008464847
246,stefan,1683903923657,WAVING,0.11319472,-1.0599036,-0.025869092,0.065240405,-0.061191242,0.0172264
247,stefan,1683903923678,WAVING,0.122587025,-1.0536927,-0.036814574,-0.019809486,-0.09985029,0.08000589
248,stefan,1683903923699,WAVING,0.11098455,-1.0592778,-0.008650365,-0.072239175,-0.1428552,0.081122905
249,stefan,1683903923720,WAVING,0.057156254,-1.0510325,0.087365665,-0.13695599,-0.03721042,0.055431657
250,stefan,1683903923741,WAVING,0.051097777,-1.0106039,0.1335042,-0.168337,0.12428489,0.04321435
251,stefan,1683903923762,WAVING,0.11384782,-0.9324666,0.15498123,-0.16648696,0.25691247,-0.025220007
252,stefan,1683903923783,WAVING,0.13606289,-0.91587466,0.1582438,-0.12751375,0.504278,-0.15322246
253,stefan,1683903923804,WAVING,0.14772591,-0.93367326,0.15772541,-0.091088735,0.52113783,-0.1749867
254,stefan,1683903923825,WAVING,0.14772591,-0.93367326,0.15772541,-0.091088735,0.52113783,-0.1749867
255,stefan,1683903923846,WAVING,0.16375948,-1.0232978,0.13403918,0.027314402,0.29525736,-0.116430916
256,stefan,1683903923868,WAVING,0.18000296,-1.022635,0.11874556,0.0033684855,0.17207201,-0.016702801
257,stefan,1683903923889,WAVING,0.23599946,-0.99289024,0.10966078,-0.04478515,0.08969247,0.045588
258,stefan,1683903923910,WAVING,0.26196322,-0.9580711,0.11050228,-0.05131268,0.08751081,0.048432887
259,stefan,1683903923931,WAVING,0.24761559,-0.9510628,0.10540638,-0.055798177,0.13472196,0.03132866
260,stefan,1683903923952,WAVING,0.18941867,-0.97348183,0.11254163,-0.06469935,0.14234905,0.020577433
261,stefan,1683903923973,WAVING,0.14926834,-0.9884923,0.122862324,-0.04441863,0.07559021,0.04003785
262,stefan,1683903923994,WAVING,0.12581639,-0.9921484,0.12653783,-0.01881465,0.0044505894,0.07079055
263,stefan,1683903924015,WAVING,0.10700641,-0.97724813,0.13783376,-0.02893756,-0.03562217,0.121038586
264,stefan,1683903924036,WAVING,0.117212884,-0.9643141,0.14310054,-0.038257618,-0.028553586,0.12496557
265,stefan,1683903924056,WAVING,0.14186853,-0.9467868,0.15443553,-0.04103269,0.0036651914,0.110845864
266,stefan,1683903924077,WAVING,0.15767953,-0.9437127,0.15669645,-0.045046948,0.07351327,0.074298665
267,stefan,1683903924098,WAVING,0.15552206,-0.9574883,0.15729685,-0.049619712,0.13751449,0.050021138
268,stefan,1683903924118,WAVING,0.14782451,-0.95976096,0.15367308,-0.04061381,0.18430677,0.03436553
269,stefan,1683903924138,WAVING,0.15516183,-0.95614994,0.14921074,-0.02719223,0.21001546,0.023736477
270,stefan,1683903924160,WAVING,0.1715498,-0.95409495,0.14446335,-0.017889624,0.21884683,0.019442968
271,stefan,1683903924180,WAVING,0.19962223,-0.9643941,0.134744,-0.0042586033,0.20059069,0.0027401668
272,stefan,1683903924201,WAVING,0.20516036,-0.96093833,0.12484603,-0.022881266,0.17509143,0.0046251225
273,stefan,1683903924222,WAVING,0.24996538,-0.9489726,0.12010057,-0.09440486,0.07400196,0.03080506
274,stefan,1683903924244,WAVING,0.30924883,-0.93365276,0.13012546,-0.118752204,-0.051452305,0.03138102
275,stefan,1683903924265,WAVING,0.34713727,-0.9213805,0.13719922,-0.10314896,-0.11046189,0.0155508835
276,stefan,1683903924286,WAVING,0.3809031,-0.9001789,0.13960953,-0.04003785,-0.13569935,-0.022549653
277,stefan,1683903924307,WAVING,0.36379078,-0.92612106,0.13971984,0.05703736,-0.016179202,-0.06731735
278,stefan,1683903924327,WAVING,0.28838196,-0.97419935,0.14237615,0.07361799,0.00022689281,-0.08415978
279,stefan,1683903924348,WAVING,0.25644752,-0.9912903,0.14125545,0.107041046,0.024574235,-0.099815376
280,stefan,1683903924369,WAVING,0.13608436,-0.99717206,0.11424125,0.1340762,0.010751228,-0.051591933
281,stefan,1683903924390,WAVING,0.12788893,-0.9865028,0.09006396,0.11442378,-0.13299409,-0.033841934
282,stefan,1683903924410,WAVING,0.17721777,-0.9637664,0.07626301,0.038013272,-0.23050563,-0.031206487
283,stefan,1683903924431,WAVING,0.1866052,-0.96864665,0.07982625,-0.014713125,-0.11409217,-0.07506661
284,stefan,1683903924452,WAVING,0.1682189,-0.9960719,0.08990288,-0.057438787,-0.050806534,-0.12250466
285,stefan,1683903924472,WAVING,0.09909798,-1.0031016,0.1038571,-0.050911255,-0.021537364,-0.13072516
286,stefan,1683903924494,WAVING,0.088063665,-0.993187,0.10622738,-0.04787438,-0.013124876,-0.114807755
287,stefan,1683903924514,WAVING,0.094862126,-0.993187,0.10705132,-0.027122416,-0.030735249,-0.09234537
288,stefan,1683903924535,WAVING,0.11191685,-0.99689865,0.098529816,0.00991347,-0.023282692,-0.06356489
289,stefan,1683903924556,WAVING,0.1247035,-0.9870485,0.092978984,0.03741986,-0.00832522,-0.04082325
290,stefan,1683903924576,WAVING,0.14307906,-0.9863447,0.086849235,0.07028441,0.01155408,-0.03324852
291,stefan,1683903924597,WAVING,0.15039198,-0.989167,0.059872128,0.08065166,0.017592918,-0.02666863
292,stefan,1683903924617,WAVING,0.15907945,-0.9984929,0.04435106,0.07080801,0.02942625,-0.011082841
293,stefan,1683903924638,WAVING,0.15992193,-1.0070398,0.030470056,0.017296214,0.02846632,0.0036128315
294,stefan,1683903924659,WAVING,0.16684926,-0.9950995,0.045045156,-0.048048913,0.0023038345,0.01834341
295,stefan,1683903924680,WAVING,0.1831513,-0.979592,0.07685949,-0.08175122,0.020734511,0.011588986
296,stefan,1683903924700,WAVING,0.18662375,-0.96489984,0.099314705,-0.06604326,0.043912485,-0.008936086
297,stefan,1683903924721,WAVING,0.17652953,-0.9563784,0.107429124,-0.03764675,0.035831608,-0.036756635
298,stefan,1683903924742,WAVING,0.19251235,-0.9436004,0.104415506,-0.022794,0.027401669,-0.06480408
299,stefan,1683903924763,WAVING,0.2215835,-0.9579169,0.10415387,0.0842994,-0.036547195,-0.1168847
300,stefan,1683903924784,WAVING,0.19044763,-1.0036172,0.09638992,0.13255775,-0.12374385,-0.0893085
301,stefan,1683903924805,WAVING,0.18365502,-1.0120487,0.09391616,0.13294172,-0.13770647,-0.08356637
302,stefan,1683903924826,WAVING,0.15554842,-1.0425853,0.10307514,0.11637855,-0.3069336,0.009407325
303,stefan,1683903924847,WAVING,0.13171868,-1.0516866,0.11005811,0.054646257,-0.39399064,0.12096877
304,stefan,1683903924868,WAVING,0.12889738,-1.0123416,0.119639784,-0.0042062434,-0.35896188,0.21240658
305,stefan,1683903924888,WAVING,0.15925126,-0.9709231,0.12780498,-0.008552114,-0.28729865,0.22252949
306,stefan,1683903924915,WAVING,0.09322011,-1.0132896,0.13762486,0.012950343,-0.16385151,0.20884609
307,stefan,1683903924936,WAVING,0.040877637,-1.0606445,0.13784061,0.011257374,-0.12831661,0.22361158
308,stefan,1683903924957,WAVING,0.03190414,-1.070765,0.13821939,-0.0198793,-0.03567453,0.29551914
309,stefan,1683903924978,WAVING,0.0677952,-1.0070202,0.13809833,-0.071750484,0.040544,0.400396
310,stefan,1683903924999,WAVING,0.13657932,-0.94286925,0.11709379,-0.020821778,0.017400933,0.40615556
311,stefan,1683903925020,WAVING,0.1997345,-0.89639294,0.08449164,0.0036128315,-0.066985734,0.36344737
312,stefan,1683903925041,WAVING,0.26053894,-0.87134004,0.06372042,-0.0691674,-0.07614872,0.26693067
313,stefan,1683903925062,WAVING,0.3045981,-0.87132835,0.07059209,-0.18666296,0.0453262,0.13746212
314,stefan,1683903925083,WAVING,0.30940408,-0.89018613,0.09428517,-0.24057618,0.1879196,0.027576203
315,stefan,1683903925104,WAVING,0.21002884,-0.9481682,0.14290333,-0.18688986,0.2724459,-0.09239773
316,stefan,1683903925125,WAVING,0.16397327,-0.9725789,0.15610878,-0.06379178,0.22563617,-0.07328638
317,stefan,1683903925146,WAVING,0.15302877,-0.97659695,0.13905309,0.0485027,0.10341076,-0.04691445
318,stefan,1683903925166,WAVING,0.15313128,-0.96591026,0.11168742,0.06839945,0.050440013,-0.042760566
319,stefan,1683903925187,WAVING,0.16230392,-0.97808087,0.10984723,0.015219271,0.0063704518,0.0013439035
320,stefan,1683903925208,WAVING,0.15640068,-1.0203925,0.12026653,-0.022043508,0.0490263,0.019914206
321,stefan,1683903925228,WAVING,0.12133746,-1.0750155,0.1307405,-0.100042276,0.14302973,0.08611455
322,stefan,1683903925249,WAVING,0.12431105,-1.0407137,0.11966713,-0.18427186,0.13267992,0.17879152
323,stefan,1683903925269,WAVING,0.15067706,-1.014749,0.11419536,-0.20800833,0.07433357,0.20219639
324,stefan,1683903925290,WAVING,0.3267936,-0.91821265,0.11718946,-0.20434316,-0.28637362,0.19291124
325,stefan,1683903925310,WAVING,0.3740304,-0.90400165,0.10678871,-0.16678366,-0.2862689,0.13255775
326,stefan,1683903925331,WAVING,0.36004302,-0.89044964,0.080781974,-0.11969468,-0.1349314,0.017051866
327,stefan,1683903925352,WAVING,0.27914098,-0.89005923,0.04403769,-0.13178982,0.010419616,-0.1007055
328,stefan,1683903925372,WAVING,0.2251809,-0.8945772,0.047817647,-0.11964232,-0.0065798913,-0.1815666
329,stefan,1683903925394,WAVING,0.09125593,-0.90875214,0.09590376,-0.012112585,-0.04707153,-0.29277897
330,stefan,1683903925415,WAVING,0.06429639,-0.9161324,0.11226242,0.008011062,0.019320795,-0.32772046
331,stefan,1683903925436,WAVING,0.012885246,-0.94133174,0.14948897,0.06991789,0.11088077,-0.3920533
332,stefan,1683903925457,WAVING,0.007828381,-1.0136694,0.17158298,0.33911747,0.21980676,-0.46500808
333,stefan,1683903925477,WAVING,-0.016877048,-1.054746,0.15114954,0.424307,0.24219935,-0.46160468
334,stefan,1683903925498,WAVING,-0.07809246,-1.1437274,0.07098942,0.53656656,0.21357594,-0.4053876
335,stefan,1683903925519,WAVING,-0.034306638,-1.1712893,-0.11665643,0.41261327,0.19992746,-0.20755455
336,stefan,1683903925539,WAVING,0.078156896,-1.1112024,-0.13680679,0.21019,0.17676695,-0.13002703
337,stefan,1683903925560,WAVING,0.11786599,-1.052947,-0.068374105,0.015289084,0.11466813,-0.06873106
338,stefan,1683903925581,WAVING,0.13708696,-1.0212498,-0.016712064,-0.09185668,0.061295964,-0.033283427
339,stefan,1683903925601,WAVING,0.1190443,-1.0071198,0.017975304,-0.11198033,-0.020141099,0.01829105
340,stefan,1683903925622,WAVING,0.07035975,-0.97343314,0.01832089,-0.061679937,-0.23392648,0.15582299
341,stefan,1683903925642,WAVING,0.07248012,-0.96027833,0.02201201,-0.061418135,-0.30775392,0.19202112
342,stefan,1683903925663,WAVING,0.110100076,-0.948592,0.058981802,-0.07089528,-0.4411494,0.22759093
343,stefan,1683903925683,WAVING,0.20419197,-0.96572083,0.13568704,-0.138073,-0.49764574,0.15344934
344,stefan,1683903925704,WAVING,0.25420612,-0.9842263,0.2121121,-0.15927875,-0.33656928,0.045710173
345,stefan,1683903925725,WAVING,0.25944847,-0.9841277,0.2286016,-0.15207054,-0.3090629,0.031660274
346,stefan,1683903925745,WAVING,0.2129253,-0.9379589,0.25662717,0.06586873,-0.018849555,-0.07040658
347,stefan,1683903925767,WAVING,0.15645632,-0.85840696,0.16363062,0.28068385,-0.09070476,-0.09398598
348,stefan,1683903925787,WAVING,0.14911896,-0.86923134,0.0902592,0.37784633,-0.12884021,-0.13166764
349,stefan,1683903925808,WAVING,0.1344941,-0.99011093,0.08260361,0.36939892,-0.17400932,-0.18964748
350,stefan,1683903925829,WAVING,0.09024261,-1.1199201,0.08685509,0.32768556,-0.16320574,-0.18346901
351,stefan,1683903925849,WAVING,0.07311467,-1.1848081,0.058814865,0.23221606,-0.087388635,-0.1166229
352,stefan,1683903925870,WAVING,0.08262021,-1.1620152,0.017618004,0.07152359,0.1195376,0.04782202
353,stefan,1683903925891,WAVING,0.07031582,-1.092612,0.0050793192,-0.018046705,0.12398819,0.15803957
354,stefan,1683903925913,WAVING,0.061952464,-1.0044293,0.0595773,-0.17278759,-0.052674036,0.22766075
355,stefan,1683903925935,WAVING,0.10766341,-0.95908934,0.1022307,-0.2319019,-0.027366763,0.23895302
356,stefan,1683903925956,WAVING,0.13188463,-0.9389468,0.1177752,-0.24940754,0.014713125,0.2194577
357,stefan,1683903925977,WAVING,0.15655394,-0.9124177,0.14491631,-0.23926719,0.2693043,0.12377875
358,stefan,1683903925998,WAVING,0.15216775,-0.95703626,0.16777179,-0.18779743,0.4922701,0.045291293
359,stefan,1683903926019,WAVING,0.120280184,-0.99512976,0.17279156,-0.1251401,0.6266954,0.0025307273
360,stefan,1683903926040,WAVING,0.08391957,-0.9992875,0.16067363,-0.054995324,0.7001563,0.00033161257
361,stefan,1683903926061,WAVING,0.087452546,-0.98225623,0.13447945,-0.01966986,0.6551966,0.016824974
362,stefan,1683903926082,WAVING,0.11373459,-0.9640184,0.10037977,-0.036285397,0.5402841,0.037716564
363,stefan,1683903926103,WAVING,0.13028654,-0.95982444,0.08822669,-0.0749968,0.50724506,0.044750243
364,stefan,1683903926124,WAVING,0.16921856,-0.9518135,0.09284816,-0.19807741,0.44191736,0.06628761
365,stefan,1683903926145,WAVING,0.26799145,-0.9438563,0.124374494,-0.30832985,0.25750586,0.06620034
366,stefan,1683903926165,WAVING,0.32602045,-0.9268601,0.15725194,-0.2743134,0.15027285,0.05607743
367,stefan,1683903926186,WAVING,0.33487776,-0.921401,0.16421635,-0.24040166,0.1696111,0.045099307
368,stefan,1683903926207,WAVING,0.30514967,-0.9235819,0.16632305,-0.19011872,0.20425588,0.015899949
369,stefan,1683903926228,WAVING,0.2872866,-0.9469617,0.18635431,-0.16626006,0.15718435,-0.010419616
370,stefan,1683903926249,WAVING,0.28050184,-0.919883,0.19458196,-0.09510299,0.10847221,-0.04918338
371,stefan,1683903926269,WAVING,0.28212628,-0.8728444,0.17841464,-0.02412045,0.04483751,-0.0877377
372,stefan,1683903926290,WAVING,0.2759653,-0.8619018,0.17052281,0.011728613,-0.032096606,-0.11918853
373,stefan,1683903926311,WAVING,0.25208968,-0.93204784,0.18593258,0.042498767,-0.080058254,-0.11369075
374,stefan,1683903926331,WAVING,0.24539468,-0.97045076,0.19123252,0.10882128,-0.10241592,-0.078330375
375,stefan,1683903926354,WAVING,0.21821842,-1.0178514,0.17787966,0.25748843,-0.15783012,-0.0061784657
376,stefan,1683903926375,WAVING,0.22006544,-1.0095935,0.1424328,0.34552282,-0.22012092,0.016580628
377,stefan,1683903926396,WAVING,0.23077857,-1.0026468,0.09729,0.36498326,-0.2072753,0.012304571
378,stefan,1683903926418,WAVING,0.23788749,-1.0016236,0.061271064,0.34791392,-0.15252432,-0.0045727626
379,stefan,1683903926439,WAVING,0.23620546,-0.99451077,-0.04368527,0.14009757,0.12739158,-0.06408849
380,stefan,1683903926460,WAVING,0.22514965,-0.9831143,-0.078377515,-0.022497294,0.14887658,-0.11320206
381,stefan,1683903926480,WAVING,0.16410214,-0.9773683,-0.01778201,-0.16268215,-0.03478441,-0.20523326
382,stefan,1683903926502,WAVING,0.12098113,-0.9917335,0.05004931,-0.18507472,-0.07052875,-0.2308547
383,stefan,1683903926522,WAVING,0.09163276,-1.0127429,0.098904684,-0.12564625,-0.10801843,-0.2149373
384,stefan,1683903926543,WAVING,0.06818959,-0.9912649,0.1246498,-0.024207717,-0.24118705,-0.19252726
385,stefan,1683903926564,WAVING,0.053243525,-0.9835507,0.14194176,0.117513016,-0.30799824,-0.16727236
386,stefan,1683903926585,WAVING,0.036000397,-0.8819282,0.14532438,0.18469074,-0.16629498,-0.1317549
387,stefan,1683903926605,WAVING,0.095572814,-0.8088604,0.13559431,0.15943582,-0.09021607,-0.143117
388,stefan,1683903926626,WAVING,0.17294385,-0.883618,0.15047593,0.20474458,-0.028134707,-0.15988961
389,stefan,1683903926647,WAVING,0.20305173,-0.94796515,0.15331775,0.23989551,-0.012723451,-0.18257889
390,stefan,1683903926667,WAVING,0.19928348,-1.1952919,0.14533024,0.4774697,0.21535617,-0.23061036
391,stefan,1683903926688,WAVING,0.04610339,-1.2932761,-0.02048226,0.5411219,0.62643355,-0.12580334
392,stefan,1683903926709,WAVING,-0.02084444,-1.2225434,-0.2833446,0.21327923,0.66357416,0.0983144
393,stefan,1683903926729,WAVING,0.07760044,-1.0373164,-0.20545717,-0.1270076,-0.20169024,0.09407324
394,stefan,1683903926750,WAVING,0.15301609,-0.93271554,-0.0044857725,-0.34372514,-0.4004658,0.10512118
395,stefan,1683903926770,WAVING,0.21602678,-0.8837235,0.07538147,-0.49977502,-0.3687357,0.063669614
396,stefan,1683903926791,WAVING,0.28135505,-0.8963149,0.1936321,-0.55196035,-0.35410985,0.023265239
397,stefan,1683903926812,WAVING,0.29553184,-0.94120586,0.2755328,-0.4421268,-0.24740042,0.018744836
398,stefan,1683903926834,WAVING,0.31155664,-0.9113224,0.3189916,-0.010262536,-0.10698868,0.017366026
399,stefan,1683903926855,WAVING,0.29892817,-0.84287715,0.24536343,0.2576106,-0.22141246,0.0016231562
400,stefan,1683903926876,WAVING,0.28838098,-0.8420063,0.20384051,0.34566244,-0.26993263,0.00082030473
401,stefan,1683903926897,WAVING,0.23881489,-0.9841941,0.12974082,0.47090727,-0.42488295,0.011623893
402,stefan,1683903926917,WAVING,0.19794507,-1.0698317,0.11714064,0.47521824,-0.4558102,0.021834068
403,stefan,1683903926938,WAVING,0.11332456,-1.1494081,0.0902348,0.44080037,-0.4933173,0.0953997
404,stefan,1683903926959,WAVING,0.05046811,-1.1459396,0.05048568,0.30839968,-0.49768063,0.20847958
405,stefan,1683903926980,WAVING,0.063526146,-1.0321074,0.02758042,0.063250735,-0.50440013,0.2967409
406,stefan,1683903927000,WAVING,0.12288771,-0.95182914,0.0515898,-0.05129523,-0.50167745,0.31508428
407,stefan,1683903927021,WAVING,0.2042427,-0.877378,0.13039881,-0.18744837,-0.4711342,0.24813347
408,stefan,1683903927042,WAVING,0.21606682,-0.89561784,0.20229027,-0.17664477,-0.41530108,0.18266615
409,stefan,1683903927063,WAVING,0.21345343,-0.91944855,0.24537517,-0.040526547,-0.35959017,0.14119713
410,stefan,1683903927084,WAVING,0.15731442,-0.9610194,0.1873725,0.118909284,-0.34683183,0.108699106
411,stefan,1683903927105,WAVING,0.1549041,-0.96400565,0.18147315,0.19327776,-0.33986795,0.102782436
412,stefan,1683903927126,WAVING,0.13730758,-0.98685235,0.11037342,0.21481512,-0.31028464,0.11691961
413,stefan,1683903927147,WAVING,0.1568058,-0.9709632,0.088545926,0.1508139,-0.28288296,0.13346533
414,stefan,1683903927168,WAVING,0.18695176,-0.88752496,0.09113293,0.14306463,-0.083339475,0.03811799
415,stefan,1683903927189,WAVING,0.16878901,-0.89106864,0.09010203,0.14545573,0.026476644,-0.019896753
416,stefan,1683903927210,WAVING,0.06430225,-1.0492333,0.09714357,0.17634806,0.25165904,-0.14931291
417,stefan,1683903927231,WAVING,0.018680142,-1.1055841,0.08159908,0.1433788,0.22888248,-0.14788175
418,stefan,1683903927252,WAVING,0.015324842,-1.0962651,0.08096453,0.04152138,0.17170548,-0.08230973
419,stefan,1683903927273,WAVING,0.065279454,-1.049779,0.09520771,-0.14582226,0.12398819,0.060824726
420,stefan,1683903927294,WAVING,0.16472109,-1.0257316,0.1197501,-0.21338396,0.078731805,0.1081057
421,stefan,1683903927315,WAVING,0.25470498,-0.9819956,0.15560895,-0.34946728,-0.08103564,0.20519836
422,stefan,1683903927336,WAVING,0.30879098,-0.95246756,0.17847224,-0.44142866,-0.32888985,0.30583405
423,stefan,1683903927357,WAVING,0.43294683,-0.88634855,0.22528829,-0.3734132,-0.5804092,0.25387558
424,stefan,1683903927378,WAVING,0.49306497,-0.82957697,0.23108609,-0.14458308,-0.7488684,0.17420131
425,stefan,1683903927399,WAVING,0.48723102,-0.8414206,0.21882074,0.110514246,-0.658024,0.21495475
426,stefan,1683903927419,WAVING,0.3972608,-0.8847202,0.17475085,0.2807711,-0.4874879,0.07056366
427,stefan,1683903927441,WAVING,0.28690785,-0.9316553,0.1395617,0.2144137,-0.26808256,-0.060388394
428,stefan,1683903927461,WAVING,0.1303412,-0.9583249,0.13855618,0.17181021,-0.04447099,-0.07972664
429,stefan,1683903927482,WAVING,-0.0029472355,-0.9588424,0.15136528,0.19825195,0.027000243,-0.042481314
430,stefan,1683903927503,WAVING,-0.041631285,-0.94280094,0.14155222,0.23270474,0.20245819,-0.12814207
431,stefan,1683903927523,WAVING,-0.060369022,-0.979846,0.13301022,0.16132078,0.4479213,-0.3712839
432,stefan,1683903927545,WAVING,-0.070984535,-0.98706317,0.11337045,0.030351276,0.42249185,-0.42451644
433,stefan,1683903927565,WAVING,-0.04685216,-0.97691524,0.12566702,-0.0043284167,0.37690386,-0.4056669
434,stefan,1683903927586,WAVING,0.039953146,-0.9879145,0.12169963,0.013351769,0.468394,-0.36643186
435,stefan,1683903927607,WAVING,0.07130962,-1.0218745,0.11227415,-0.015428711,0.683628,-0.34196237
436,stefan,1683903927627,WAVING,0.09902086,-1.0371809,0.10261534,-0.027331855,0.7366686,-0.31927308
437,stefan,1683903927649,WAVING,0.15034318,-1.0029904,0.08916485,-0.0132121425,0.62116265,-0.27256808
438,stefan,1683903927670,WAVING,0.19383709,-0.9665194,0.07961928,0.02242748,0.45645595,-0.22916172
439,stefan,1683903927690,WAVING,0.23568511,-0.9473043,0.076781385,0.06279694,0.32396802,-0.18989182
440,stefan,1683903927711,WAVING,0.28750432,-0.958818,0.08951336,0.09786061,0.21903881,-0.17107718
441,stefan,1683903927732,WAVING,0.29111147,-0.98279023,0.103541784,0.13271484,0.22144738,-0.20505874
442,stefan,1683903927753,WAVING,0.23214626,-1.008877,0.095876426,0.11515682,0.36449456,-0.23741713
443,stefan,1683903927774,WAVING,0.17263047,-1.038203,0.09896033,0.111666165,0.43647194,-0.23581143
444,stefan,1683903927795,WAVING,0.15119152,-1.0461202,0.098194964,0.10012954,0.44184756,-0.22425735
445,stefan,1683903927817,WAVING,0.14594038,-1.0467547,0.09074244,0.045588,0.3698702,-0.17552777
446,stefan,1683903927837,WAVING,0.15891837,-1.0313078,0.085173056,-0.042551126,0.24570745,-0.10789625
447,stefan,1683903927857,WAVING,0.18797874,-1.0248432,0.1043833,-0.12974778,0.17290977,-0.040631264
448,stefan,1683903927878,WAVING,0.24288577,-1.0020971,0.12940012,-0.18692476,0.092153385,-0.00055850536
449,stefan,1683903927899,WAVING,0.29755852,-0.96701735,0.1400254,-0.20790362,0.01150172,-0.03748967
450,stefan,1683903927921,WAVING,0.30787918,-0.9375352,0.16911507,-0.1998751,0.026214845,-0.06328564
451,stefan,1683903927942,WAVING,0.2842496,-0.8860401,0.17108023,-0.10028662,0.35388297,-0.17313667
452,stefan,1683903927964,WAVING,0.161521,-0.9029005,0.17016745,-0.07595673,0.36449456,-0.2751337
453,stefan,1683903927985,WAVING,0.11762387,-0.9365169,0.18680434,-0.0752935,0.36363935,-0.2629513
454,stefan,1683903928006,WAVING,0.039493345,-1.055658,0.24538492,0.003996804,0.23528783,-0.069115035
455,stefan,1683903928026,WAVING,0.043246944,-1.0736146,0.24482554,0.0155508835,0.20219639,-0.03450516
456,stefan,1683903928046,WAVING,0.07737201,-1.1074108,0.21827404,0.05523967,0.12915437,0.14962707
457,stefan,1683903928067,WAVING,0.11873483,-1.0724452,0.18143216,0.0901288,0.10868165,0.30445522
458,stefan,1683903928088,WAVING,0.15601799,-1.027522,0.14824136,0.085573494,-0.00853466,0.4031187
459,stefan,1683903928109,WAVING,0.19043006,-0.9895282,0.12372044,0.04618141,-0.17510888,0.47717303
460,stefan,1683903928130,WAVING,0.2100259,-0.96588284,0.11609316,-0.011693706,-0.33426547,0.5189387
461,stefan,1683903928150,WAVING,0.23828286,-0.95615673,0.123699926,-0.079220496,-0.45926595,0.54766685
462,stefan,1683903928171,WAVING,0.2639967,-0.93856025,0.12989216,-0.15479325,-0.50933945,0.5310862
463,stefan,1683903928193,WAVING,0.30266613,-0.9169612,0.14423099,-0.24109977,-0.47212902,0.49289843
464,stefan,1683903928214,WAVING,0.34487242,-0.8891787,0.12664716,-0.4619363,-0.3514744,0.40571925
465,stefan,1683903928234,WAVING,0.39603463,-0.8637459,0.1789213,-0.55899405,-0.3458719,0.33737215
466,stefan,1683903928255,WAVING,0.42973015,-0.8523085,0.21841073,-0.5256757,-0.2990098,0.27708846
467,stefan,1683903928276,WAVING,0.466984,-0.8347969,0.2584127,-0.2652726,-0.21772982,0.106744334
468,stefan,1683903928297,WAVING,0.45400015,-0.7996838,0.25572318,-0.07237881,-0.3470587,0.07719591
469,stefan,1683903928318,WAVING,0.34985608,-0.841034,0.24339634,0.05576327,-0.28782225,-0.033353243
470,stefan,1683903928339,WAVING,0.27190125,-0.9043981,0.23749697,0.119904116,-0.20605357,-0.12856095
471,stefan,1683903928360,WAVING,0.23268026,-0.953518,0.23824672,0.1958783,-0.18133971,-0.1609019
472,stefan,1683903928381,WAVING,0.16578223,-1.010315,0.18337388,0.3578623,-0.117705,-0.1870644
473,stefan,1683903928402,WAVING,0.15798801,-1.0143918,0.1543506,0.36246997,-0.10527826,-0.19819959
474,stefan,1683903928423,WAVING,0.15764633,-1.031225,0.10796896,0.28105035,-0.10241592,-0.20968385
475,stefan,1683903928444,WAVING,0.15211405,-1.0284593,0.09439353,0.23162265,-0.068940505,-0.20495401
476,stefan,1683903928465,WAVING,0.14906138,-1.0205108,0.08560942,0.1160993,0.0070685833,-0.19284143
477,stefan,1683903928486,WAVING,0.12928689,-0.9870359,0.08151317,0.02904228,0.07237881,-0.18439403
478,stefan,1683903928507,WAVING,0.112771034,-0.97178125,0.10438426,-0.17570229,0.18915878,-0.19888027
479,stefan,1683903928528,WAVING,0.12107973,-0.96836835,0.120397344,-0.24712117,0.19394098,-0.18531907